Model,Total_Iterations,ODE,ODE_dim,net_size,lr,batch_size,stopping_loss,L1_avg,L2_avg,End_point_L1_avg,End_point_L2_avg
PINN base,135,Van der Pol Oscillator,2,"(2, 50)",0.01,512,0.001,0.03960907249669317,0.05767953037948207,0.009499200126326672,0.009676604339663964
PINN base,496,Van der Pol Oscillator,2,"(2, 50)",0.01,512,0.0001,0.013629201726388537,0.01724838800564984,0.011471367934548268,0.011482185416308096
PINN base,146,Van der Pol Oscillator,2,"(2, 50)",0.01,2048,0.001,0.04004464053956102,0.05787824110014035,0.00874147235432922,0.009245450029487732
PINN base,419,Van der Pol Oscillator,2,"(2, 50)",0.01,2048,0.0001,0.01342835863160621,0.01754511156144124,0.008774058842676492,0.008945246441855913
PINN base,336,Van der Pol Oscillator,2,"(2, 50)",0.001,512,0.001,0.04666734730790144,0.06288113549575183,0.01748938760312161,0.019804231697281554
PINN base,2404,Van der Pol Oscillator,2,"(2, 50)",0.001,512,0.0001,0.014141610744773582,0.01858188225663676,0.008133902707898029,0.008144548996110782
PINN base,537,Van der Pol Oscillator,2,"(2, 50)",0.001,2048,0.001,0.045067538916487376,0.05899270549142807,0.026920925775187822,0.027561713616969973
PINN base,2345,Van der Pol Oscillator,2,"(2, 50)",0.001,2048,0.0001,0.014506305064556073,0.01906633325929345,0.009907251173275324,0.01003090089997715
PINN base,190,Van der Pol Oscillator,2,"(3, 50)",0.01,512,0.001,0.03533359652537642,0.052624339784256506,0.003464318374001392,0.004290874012087601
PINN base,499,Van der Pol Oscillator,2,"(3, 50)",0.01,512,0.0001,0.013703602386741839,0.018559303925798673,0.0061265658080752825,0.006313764061370483
PINN base,107,Van der Pol Oscillator,2,"(3, 50)",0.01,2048,0.001,0.0379965326865053,0.057121152414333694,0.004851313745773427,0.005531164945587016
PINN base,577,Van der Pol Oscillator,2,"(3, 50)",0.01,2048,0.0001,0.014056215667262674,0.01832148052153719,0.00893332524748406,0.009011475098055435
PINN base,376,Van der Pol Oscillator,2,"(3, 50)",0.001,512,0.001,0.045997170260260435,0.060214902980236296,0.019312543743866296,0.022524604749090713
PINN base,3074,Van der Pol Oscillator,2,"(3, 50)",0.001,512,0.0001,0.014039687751893178,0.020160943662283916,0.006084173867123935,0.006208058089692518
PINN base,319,Van der Pol Oscillator,2,"(3, 50)",0.001,2048,0.001,0.04362103103161312,0.05735985687887651,0.02244109841586909,0.023747747603048496
PINN base,1460,Van der Pol Oscillator,2,"(3, 50)",0.001,2048,0.0001,0.013336002832071259,0.016985480706446808,0.008242430658840547,0.009164752800138315
PINN base,113,Van der Pol Oscillator,2,"(4, 50)",0.01,512,0.001,0.036545220494533,0.0506480405475636,0.01216431192139446,0.01418362982631145
PINN base,394,Van der Pol Oscillator,2,"(4, 50)",0.01,512,0.0001,0.013897552414401467,0.018201749996725573,0.0073514254257257905,0.008006604507429661
PINN base,116,Van der Pol Oscillator,2,"(4, 50)",0.01,2048,0.001,0.036410130775533595,0.053240161795272106,0.007505669751965411,0.007549116296908318
PINN base,375,Van der Pol Oscillator,2,"(4, 50)",0.01,2048,0.0001,0.015225206892519626,0.018126869938485668,0.013753462532180164,0.01419404937035584
PINN base,400,Van der Pol Oscillator,2,"(4, 50)",0.001,512,0.001,0.043223934479193364,0.05892234043109964,0.02364964033068976,0.024698892406654422
PINN base,1621,Van der Pol Oscillator,2,"(4, 50)",0.001,512,0.0001,0.012850183257220885,0.017534908227602005,0.0047574523182743874,0.006162237557794547
PINN base,375,Van der Pol Oscillator,2,"(4, 50)",0.001,2048,0.001,0.04403195670782756,0.057484999300478165,0.024679278904217096,0.02662843087536406
PINN base,1154,Van der Pol Oscillator,2,"(4, 50)",0.001,2048,0.0001,0.013902065826052062,0.018059174724269086,0.005844256402754196,0.0069815843394306085
PINN new architecture,667,Van der Pol Oscillator,2,"(2, 50)",0.01,512,0.001,0.04751717419792198,0.05997298423231836,0.032400133037584634,0.03274544712826213
PINN new architecture,3012,Van der Pol Oscillator,2,"(2, 50)",0.01,512,0.0001,0.014646862766352908,0.018591224860546495,0.00934949100931824,0.01272279334798662
PINN new architecture,579,Van der Pol Oscillator,2,"(2, 50)",0.01,2048,0.001,0.046151116973788806,0.058827276494061206,0.029029772566276403,0.02913095063197149
PINN new architecture,4864,Van der Pol Oscillator,2,"(2, 50)",0.01,2048,0.0001,0.014306728539306885,0.019071992516010838,0.006490992177107342,0.00653498256016762
PINN new architecture,2695,Van der Pol Oscillator,2,"(2, 50)",0.001,512,0.001,0.0481469112452197,0.06242498096786903,0.028318207660334917,0.028417712752699047
PINN new architecture,5000,Van der Pol Oscillator,2,"(2, 50)",0.001,512,0.0001,0.026338078141919276,0.033275935797778045,0.009333025226199039,0.011876261173909513
PINN new architecture,3682,Van der Pol Oscillator,2,"(2, 50)",0.001,2048,0.001,0.04578076066354342,0.05818845749099544,0.025118270838278146,0.025307443355360292
PINN new architecture,5000,Van der Pol Oscillator,2,"(2, 50)",0.001,2048,0.0001,0.024819435464491356,0.03125727887288779,0.010326287271284469,0.01178448120416911
PINN new architecture,684,Van der Pol Oscillator,2,"(3, 50)",0.01,512,0.001,0.045637148065621816,0.058403313315971796,0.029379079999047132,0.030798994136612936
PINN new architecture,2860,Van der Pol Oscillator,2,"(3, 50)",0.01,512,0.0001,0.014700024804639892,0.018552556668039184,0.01062218521704615,0.013931318755445763
PINN new architecture,779,Van der Pol Oscillator,2,"(3, 50)",0.01,2048,0.001,0.04537624447739083,0.05872963576339347,0.028117188201862188,0.02811779842931987
PINN new architecture,2286,Van der Pol Oscillator,2,"(3, 50)",0.01,2048,0.0001,0.013625136905822276,0.017328789468504704,0.01169334799459317,0.014499897894485489
PINN new architecture,2367,Van der Pol Oscillator,2,"(3, 50)",0.001,512,0.001,0.04862147303084931,0.06270484789649455,0.027258833819645258,0.02733605220131108
PINN new architecture,5000,Van der Pol Oscillator,2,"(3, 50)",0.001,512,0.0001,0.02897928455477713,0.0368531819512499,0.00856172622164429,0.01067250651165746
PINN new architecture,3647,Van der Pol Oscillator,2,"(3, 50)",0.001,2048,0.001,0.04616632847979525,0.05897468331470282,0.028059158423560472,0.028935594255683095
PINN new architecture,5000,Van der Pol Oscillator,2,"(3, 50)",0.001,2048,0.0001,0.023347525324197874,0.029898359965248582,0.006465713986956486,0.006708946124495868
PINN new architecture,496,Van der Pol Oscillator,2,"(4, 50)",0.01,512,0.001,0.049116663619222636,0.06310624073601794,0.027619394423085065,0.028995128710743855
PINN new architecture,3184,Van der Pol Oscillator,2,"(4, 50)",0.01,512,0.0001,0.015062025810819848,0.01912930138985077,0.011581402322632458,0.012939329283699336
PINN new architecture,594,Van der Pol Oscillator,2,"(4, 50)",0.01,2048,0.001,0.0454694647354304,0.05805069390627891,0.025136236982065054,0.025136385398771083
PINN new architecture,3090,Van der Pol Oscillator,2,"(4, 50)",0.01,2048,0.0001,0.014738459061141504,0.018609817987041692,0.011565862274152424,0.014921437194925604
PINN new architecture,2779,Van der Pol Oscillator,2,"(4, 50)",0.001,512,0.001,0.04781734224959617,0.062202351987123566,0.022195385718363138,0.022386552838665363
PINN new architecture,5000,Van der Pol Oscillator,2,"(4, 50)",0.001,512,0.0001,0.03220460369520656,0.04100044701877933,0.01587824518384299,0.017219594497820012
PINN new architecture,4116,Van der Pol Oscillator,2,"(4, 50)",0.001,2048,0.001,0.047478739386526164,0.060860562455968735,0.03083204472960791,0.03135279330766175
PINN new architecture,5000,Van der Pol Oscillator,2,"(4, 50)",0.001,2048,0.0001,0.024899378052969514,0.03204914398566527,0.007109332391821751,0.007353753560285475
PINN new architecture MLP,6250,Van der Pol Oscillator,2,"(2, 50)",0.01,512,0.001,0.008401187025960353,0.01006805660957793,0.007457880353910115,0.00906589252624498
PINN new architecture MLP,6250,Van der Pol Oscillator,2,"(2, 50)",0.01,512,0.0001,0.012028156635721194,0.014184639726271146,0.01064542264660538,0.011827169972759297
PINN new architecture MLP,6250,Van der Pol Oscillator,2,"(2, 50)",0.01,2048,0.001,0.10126019799553423,0.12847607044512202,0.08980919601919017,0.09056022251031286
PINN new architecture MLP,6250,Van der Pol Oscillator,2,"(2, 50)",0.01,2048,0.0001,0.06661771922346252,0.08217017013119307,0.10728508052824177,0.11905728814766849
PINN new architecture MLP,6250,Van der Pol Oscillator,2,"(2, 50)",0.001,512,0.001,0.013037801436050756,0.015138844582825349,0.013613206385058549,0.014260605541613633
PINN new architecture MLP,6250,Van der Pol Oscillator,2,"(2, 50)",0.001,512,0.0001,0.009098983132742402,0.010411645292843257,0.00877508712409177,0.008994844387406106
PINN new architecture MLP,6250,Van der Pol Oscillator,2,"(2, 50)",0.001,2048,0.001,0.019207934161810658,0.030965441117039638,0.004780425740760949,0.005127372188783872
PINN new architecture MLP,6250,Van der Pol Oscillator,2,"(2, 50)",0.001,2048,0.0001,0.02041125792263619,0.031062699222208175,0.008517753383499768,0.008899945236246563
PINN new architecture MLP,5832,Van der Pol Oscillator,2,"(3, 50)",0.01,512,0.001,0.006286154872085241,0.007528699463495971,0.006930347969925992,0.006930449126698773
PINN new architecture MLP,3600,Van der Pol Oscillator,2,"(3, 50)",0.01,512,0.0001,0.007088549043221757,0.00821950044920023,0.005563011443597463,0.007231974560832231
PINN new architecture MLP,6250,Van der Pol Oscillator,2,"(3, 50)",0.01,2048,0.001,0.04401138186330576,0.06239417975289806,0.01190272302349747,0.015600304034445985
PINN new architecture MLP,6250,Van der Pol Oscillator,2,"(3, 50)",0.01,2048,0.0001,0.12851030800057459,0.135917240937764,0.0965087133884605,0.09737138033473348
PINN new architecture MLP,6250,Van der Pol Oscillator,2,"(3, 50)",0.001,512,0.001,0.012804444453650456,0.01491081924782299,0.01192350224999824,0.011926692409303085
PINN new architecture MLP,6250,Van der Pol Oscillator,2,"(3, 50)",0.001,512,0.0001,0.014895085277788704,0.01756555349662738,0.011561108803731589,0.011945334476165264
PINN new architecture MLP,6250,Van der Pol Oscillator,2,"(3, 50)",0.001,2048,0.001,0.020835677399298258,0.03312388001278822,0.006457692935952183,0.007825245428836726
PINN new architecture MLP,6250,Van der Pol Oscillator,2,"(3, 50)",0.001,2048,0.0001,0.01375296165756025,0.019622610917231678,0.008302940572035698,0.008304682355149211
PINN new architecture MLP,5287,Van der Pol Oscillator,2,"(4, 50)",0.01,512,0.001,0.007014827163767931,0.008484641897111568,0.0048869815377360504,0.005122172735659829
PINN new architecture MLP,6250,Van der Pol Oscillator,2,"(4, 50)",0.01,512,0.0001,0.12342041311430485,0.1316886084972878,0.1367248925658101,0.14113026718949678
PINN new architecture MLP,6250,Van der Pol Oscillator,2,"(4, 50)",0.01,2048,0.001,0.022481241492512835,0.037400666738126156,0.01006261675635635,0.010608858012994023
PINN new architecture MLP,6250,Van der Pol Oscillator,2,"(4, 50)",0.01,2048,0.0001,0.025391596359759076,0.041967502515927145,0.003580752322279819,0.004068941604024352
PINN new architecture MLP,6250,Van der Pol Oscillator,2,"(4, 50)",0.001,512,0.001,0.011368046023496507,0.013121703770109572,0.009603723934275298,0.009621648546969565
PINN new architecture MLP,6250,Van der Pol Oscillator,2,"(4, 50)",0.001,512,0.0001,0.013375291880962533,0.015588054598986307,0.010498257404548315,0.010536608210774887
PINN new architecture MLP,6250,Van der Pol Oscillator,2,"(4, 50)",0.001,2048,0.001,0.021421414075338985,0.03305104698643058,0.010775242051464705,0.01109145163272257
PINN new architecture MLP,6250,Van der Pol Oscillator,2,"(4, 50)",0.001,2048,0.0001,0.01728246454996065,0.026195075354239577,0.008409890396875527,0.008998345645500283
PINN MLP,6250,Van der Pol Oscillator,2,"(2, 50)",0.01,512,0.001,0.8173357090039362,0.8476029703323846,0.8684289026498969,0.8890042104890816
PINN MLP,6250,Van der Pol Oscillator,2,"(2, 50)",0.01,512,0.0001,0.6196383936405636,0.6443688229572396,0.599700184488314,0.6633520545701292
PINN MLP,6250,Van der Pol Oscillator,2,"(2, 50)",0.01,2048,0.001,0.8090487641119801,0.85345005335918,0.7302122083214885,0.7302173973582698
PINN MLP,6250,Van der Pol Oscillator,2,"(2, 50)",0.01,2048,0.0001,1.2635708856234014,1.3168526343104312,1.2501622405556803,1.280853635295467
PINN MLP,1334,Van der Pol Oscillator,2,"(2, 50)",0.001,512,0.001,0.008502542100307469,0.010166251866942495,0.007945281038415818,0.008057870904915556
PINN MLP,1386,Van der Pol Oscillator,2,"(2, 50)",0.001,512,0.0001,0.007153491611293559,0.008450095874339578,0.005500434017163899,0.005922156159486342
PINN MLP,4737,Van der Pol Oscillator,2,"(2, 50)",0.001,2048,0.001,0.005050896245312979,0.006617545981958406,0.00568404612539449,0.0056924200319034175
PINN MLP,4807,Van der Pol Oscillator,2,"(2, 50)",0.001,2048,0.0001,0.00517210992636879,0.007047958772801613,0.002188222999108222,0.0028474624615756968
PINN MLP,6250,Van der Pol Oscillator,2,"(3, 50)",0.01,512,0.001,0.70911146482622,0.7329268747508225,0.7156457770109351,0.79070087433116
PINN MLP,6250,Van der Pol Oscillator,2,"(3, 50)",0.01,512,0.0001,0.9743968056060377,1.0193181142564427,1.0609989631414587,1.065517885679236
PINN MLP,6250,Van der Pol Oscillator,2,"(3, 50)",0.01,2048,0.001,0.8263707863320389,0.858616781963469,0.8812910485506232,0.8926340053944962
PINN MLP,6250,Van der Pol Oscillator,2,"(3, 50)",0.01,2048,0.0001,0.4341544077404395,0.5388706736594062,0.31908846827747184,0.45096771607127817
PINN MLP,2603,Van der Pol Oscillator,2,"(3, 50)",0.001,512,0.001,0.00805478435588871,0.00928689046795976,0.007538573867065099,0.007560634868550259
PINN MLP,1879,Van der Pol Oscillator,2,"(3, 50)",0.001,512,0.0001,0.007973788323163736,0.009400342031967652,0.008866475014371065,0.009600185948880895
PINN MLP,6090,Van der Pol Oscillator,2,"(3, 50)",0.001,2048,0.001,0.00678460740748529,0.010218123850666597,0.0023334073409263163,0.0031689582825859043
PINN MLP,4258,Van der Pol Oscillator,2,"(3, 50)",0.001,2048,0.0001,0.007088416500958757,0.011133640020607563,0.0024451162241224318,0.0030143990918246313
PINN MLP,6250,Van der Pol Oscillator,2,"(4, 50)",0.01,512,0.001,0.5364814492049468,0.579562472006085,0.48090379866363364,0.5635198832658217
PINN MLP,6250,Van der Pol Oscillator,2,"(4, 50)",0.01,512,0.0001,0.6288010825851672,0.6485734946147161,0.6228301990270789,0.6455489687027749
PINN MLP,6250,Van der Pol Oscillator,2,"(4, 50)",0.01,2048,0.001,0.6074738950222606,0.78034573163662,0.5672239545079106,0.7689432853332439
PINN MLP,6250,Van der Pol Oscillator,2,"(4, 50)",0.01,2048,0.0001,0.5977695268571924,0.6459984081823595,0.5547877419233497,0.6762721920558021
PINN MLP,4062,Van der Pol Oscillator,2,"(4, 50)",0.001,512,0.001,0.007685613680583821,0.008761031361143196,0.007164359143358854,0.0074620322517567695
PINN MLP,1844,Van der Pol Oscillator,2,"(4, 50)",0.001,512,0.0001,0.009209067614102399,0.011667557293180753,0.002981553292072407,0.002994967230537184
PINN MLP,6250,Van der Pol Oscillator,2,"(4, 50)",0.001,2048,0.001,0.009690188852416416,0.014729482957870044,0.009090325845760493,0.009371156627297489
PINN MLP,5781,Van der Pol Oscillator,2,"(4, 50)",0.001,2048,0.0001,0.006988707848306857,0.011191254474987476,0.0023477618157688646,0.002827295452073066
PINN base,23,Simplified 15D Linear System,15,"(2, 50)",0.01,512,0.001,0.043607877441934964,0.04708812745145431,0.04743243821229722,0.05780936791278956
PINN base,52,Simplified 15D Linear System,15,"(2, 50)",0.01,512,0.0001,0.013896987458680836,0.0175914643312063,0.011241919983288762,0.013406645070972336
PINN base,25,Simplified 15D Linear System,15,"(2, 50)",0.01,2048,0.001,0.04090677687024833,0.04374229009764627,0.040605866543201606,0.04778472309108791
PINN base,45,Simplified 15D Linear System,15,"(2, 50)",0.01,2048,0.0001,0.015216935556845047,0.01757922629412524,0.01454961591128583,0.01834043159015162
PINN base,35,Simplified 15D Linear System,15,"(2, 50)",0.001,512,0.001,0.034671395050828904,0.04117420259885011,0.030601357446625007,0.042323429436972544
PINN base,72,Simplified 15D Linear System,15,"(2, 50)",0.001,512,0.0001,0.011754412671103038,0.015904301968350236,0.010373509994436614,0.013101611087105934
PINN base,35,Simplified 15D Linear System,15,"(2, 50)",0.001,2048,0.001,0.045430513311519365,0.05021570673079354,0.04336712010711225,0.05677682478195245
PINN base,100,Simplified 15D Linear System,15,"(2, 50)",0.001,2048,0.0001,0.008373508363754662,0.011887974862907371,0.00761745532418385,0.009833692812482286
PINN base,25,Simplified 15D Linear System,15,"(3, 50)",0.01,512,0.001,0.027365674354454146,0.03121189283595373,0.024645341869797676,0.0351000893202149
PINN base,48,Simplified 15D Linear System,15,"(3, 50)",0.01,512,0.0001,0.017251631807549798,0.01917029394176223,0.017784233941390396,0.02133003798257143
PINN base,23,Simplified 15D Linear System,15,"(3, 50)",0.01,2048,0.001,0.046365136456262175,0.04951984475345732,0.04473264889496078,0.05372972093227503
PINN base,47,Simplified 15D Linear System,15,"(3, 50)",0.01,2048,0.0001,0.019175637817216692,0.020529676496019198,0.02070962790323017,0.027456265424493198
PINN base,35,Simplified 15D Linear System,15,"(3, 50)",0.001,512,0.001,0.028095945525694808,0.032117372463494824,0.03037011330459342,0.03850466370003817
PINN base,75,Simplified 15D Linear System,15,"(3, 50)",0.001,512,0.0001,0.011004644549106157,0.015113097845642291,0.008636607579955923,0.014206077706116808
PINN base,43,Simplified 15D Linear System,15,"(3, 50)",0.001,2048,0.001,0.019890649233981577,0.023572573388976892,0.019477642996977865,0.02479113109832488
PINN base,87,Simplified 15D Linear System,15,"(3, 50)",0.001,2048,0.0001,0.011552539995877052,0.014627176431265354,0.010696155753808716,0.016525590981151504
PINN base,20,Simplified 15D Linear System,15,"(4, 50)",0.01,512,0.001,0.04591016660895129,0.04817700621562869,0.04432563928665866,0.05244354274517901
PINN base,42,Simplified 15D Linear System,15,"(4, 50)",0.01,512,0.0001,0.012544760311492086,0.014633462656461493,0.013007615376958704,0.018556777113723787
PINN base,20,Simplified 15D Linear System,15,"(4, 50)",0.01,2048,0.001,0.03468132697708621,0.039222689683315735,0.03146255584283326,0.044130727567427204
PINN base,36,Simplified 15D Linear System,15,"(4, 50)",0.01,2048,0.0001,0.01462405880911686,0.01782380211530758,0.013418304005376702,0.016106013035593735
PINN base,38,Simplified 15D Linear System,15,"(4, 50)",0.001,512,0.001,0.02851883155951557,0.03551675913554017,0.024483013207455266,0.04301657288590944
PINN base,72,Simplified 15D Linear System,15,"(4, 50)",0.001,512,0.0001,0.011294053444281424,0.01590139593060478,0.00843002027459915,0.012786800310612821
PINN base,40,Simplified 15D Linear System,15,"(4, 50)",0.001,2048,0.001,0.02835396418348848,0.03432025438251343,0.02310491311561039,0.033363266166261056
PINN base,81,Simplified 15D Linear System,15,"(4, 50)",0.001,2048,0.0001,0.014120491448622504,0.017294511522109157,0.014045049755291595,0.025268025522995126
PINN new architecture,36,Simplified 15D Linear System,15,"(2, 50)",0.01,512,0.001,0.05828289676790403,0.06170177304162519,0.0546301166855725,0.07946710257981021
PINN new architecture,72,Simplified 15D Linear System,15,"(2, 50)",0.01,512,0.0001,0.012208651160529264,0.014545057648706488,0.011769702920232524,0.014332254371317408
PINN new architecture,41,Simplified 15D Linear System,15,"(2, 50)",0.01,2048,0.001,0.04050442728679279,0.043381835652656825,0.041380697646490355,0.05390068538742335
PINN new architecture,69,Simplified 15D Linear System,15,"(2, 50)",0.01,2048,0.0001,0.01647203981618982,0.018445331626032093,0.01703040290015623,0.01994685159118686
PINN new architecture,56,Simplified 15D Linear System,15,"(2, 50)",0.001,512,0.001,0.04610370809355367,0.055123223684125686,0.04236058552648672,0.048994752843455044
PINN new architecture,259,Simplified 15D Linear System,15,"(2, 50)",0.001,512,0.0001,0.011387703128707757,0.016106570566862766,0.00812210889920517,0.010402511424440918
PINN new architecture,87,Simplified 15D Linear System,15,"(2, 50)",0.001,2048,0.001,0.04010409973878971,0.048150239310208086,0.04127608228740811,0.04930010429404813
PINN new architecture,312,Simplified 15D Linear System,15,"(2, 50)",0.001,2048,0.0001,0.014659296800131276,0.018500803494906997,0.01462312744290446,0.019416343573615998
PINN new architecture,35,Simplified 15D Linear System,15,"(3, 50)",0.01,512,0.001,0.03339035707396336,0.03645002648479285,0.03543035433101858,0.04673266634932017
PINN new architecture,69,Simplified 15D Linear System,15,"(3, 50)",0.01,512,0.0001,0.011835196111396868,0.014469658737989503,0.014533834239388043,0.015463548962016151
PINN new architecture,33,Simplified 15D Linear System,15,"(3, 50)",0.01,2048,0.001,0.0377391004013193,0.0422340573144041,0.03514759110784381,0.044652815221089735
PINN new architecture,65,Simplified 15D Linear System,15,"(3, 50)",0.01,2048,0.0001,0.014226061745229784,0.01608052928208325,0.014452041597589423,0.020607757274733293
PINN new architecture,64,Simplified 15D Linear System,15,"(3, 50)",0.001,512,0.001,0.0507084707310985,0.06129570588064781,0.061842850892933184,0.08115805259909742
PINN new architecture,167,Simplified 15D Linear System,15,"(3, 50)",0.001,512,0.0001,0.013042588896590993,0.01798665328450094,0.010354911640090112,0.011813544710162915
PINN new architecture,77,Simplified 15D Linear System,15,"(3, 50)",0.001,2048,0.001,0.054346508581393324,0.065513819477169,0.06590508000690534,0.08340763475685083
PINN new architecture,304,Simplified 15D Linear System,15,"(3, 50)",0.001,2048,0.0001,0.016857604395891165,0.021266809863143315,0.015764993687394813,0.02026149042385278
PINN new architecture,35,Simplified 15D Linear System,15,"(4, 50)",0.01,512,0.001,0.036743920763119754,0.04126369591680881,0.040060551727152074,0.0518402686256947
PINN new architecture,68,Simplified 15D Linear System,15,"(4, 50)",0.01,512,0.0001,0.013461847119515228,0.015518076872258323,0.012808184752510067,0.01696202099278664
PINN new architecture,33,Simplified 15D Linear System,15,"(4, 50)",0.01,2048,0.001,0.030050023124591325,0.03691340614674483,0.02475678357427608,0.03614048794700187
PINN new architecture,71,Simplified 15D Linear System,15,"(4, 50)",0.01,2048,0.0001,0.009281443729817757,0.011786167042133642,0.007924570487334387,0.01037734464784365
PINN new architecture,68,Simplified 15D Linear System,15,"(4, 50)",0.001,512,0.001,0.03900415879026169,0.04701451176548736,0.05602998823413995,0.0641625199557645
PINN new architecture,181,Simplified 15D Linear System,15,"(4, 50)",0.001,512,0.0001,0.01485243943118206,0.019398884277986802,0.01360616520159371,0.01853901985550592
PINN new architecture,64,Simplified 15D Linear System,15,"(4, 50)",0.001,2048,0.001,0.03893482704660077,0.04970285514359011,0.04435972664109065,0.053708078031532325
PINN new architecture,356,Simplified 15D Linear System,15,"(4, 50)",0.001,2048,0.0001,0.009627733179339262,0.013628930218222823,0.0069310135932732775,0.008379723618080702
PINN new architecture MLP,121,Simplified 15D Linear System,15,"(2, 50)",0.01,512,0.001,0.002386792670850892,0.0031565169140486595,0.002452644471603213,0.0032551213711608826
PINN new architecture MLP,103,Simplified 15D Linear System,15,"(2, 50)",0.01,512,0.0001,0.0033778187675288615,0.004269257773383759,0.002571482994247548,0.0031689861911676537
PINN new architecture MLP,3260,Simplified 15D Linear System,15,"(2, 50)",0.01,2048,0.001,0.0017312533935658334,0.0018591989696676418,0.0019120867978367076,0.0023627861601415987
PINN new architecture MLP,6250,Simplified 15D Linear System,15,"(2, 50)",0.01,2048,0.0001,0.010076446312374905,0.010370917673306551,0.010755466239880388,0.011873657910849954
PINN new architecture MLP,412,Simplified 15D Linear System,15,"(2, 50)",0.001,512,0.001,0.0029945910937844776,0.0044964098642575195,0.002038611639150752,0.003074097827530261
PINN new architecture MLP,510,Simplified 15D Linear System,15,"(2, 50)",0.001,512,0.0001,0.0028531094010929054,0.004443396331155353,0.0025449349643411703,0.0033331068400902905
PINN new architecture MLP,565,Simplified 15D Linear System,15,"(2, 50)",0.001,2048,0.001,0.0024269716885371648,0.004158863228969893,0.0013192074559051832,0.0015977798446320207
PINN new architecture MLP,538,Simplified 15D Linear System,15,"(2, 50)",0.001,2048,0.0001,0.0021649655530814865,0.0033102083215912504,0.0014598966723312129,0.0019350918742644873
PINN new architecture MLP,95,Simplified 15D Linear System,15,"(3, 50)",0.01,512,0.001,0.004093445778803637,0.0055723927189980016,0.003241475919220136,0.004012059975553961
PINN new architecture MLP,104,Simplified 15D Linear System,15,"(3, 50)",0.01,512,0.0001,0.003158555928247225,0.004132261680633539,0.002455282890386747,0.002850985079766997
PINN new architecture MLP,2325,Simplified 15D Linear System,15,"(3, 50)",0.01,2048,0.001,0.0017559031384728827,0.0018796900736971862,0.0019348802460746482,0.002436720166204034
PINN new architecture MLP,5979,Simplified 15D Linear System,15,"(3, 50)",0.01,2048,0.0001,0.002030170267837664,0.0021892077458051753,0.002473035229545157,0.0028313999599266122
PINN new architecture MLP,385,Simplified 15D Linear System,15,"(3, 50)",0.001,512,0.001,0.0028670150569810077,0.0039161022726201394,0.0021021522656618414,0.0027400717831640112
PINN new architecture MLP,356,Simplified 15D Linear System,15,"(3, 50)",0.001,512,0.0001,0.002499922983062999,0.0038731223290628157,0.0015102130964157279,0.002513248044460324
PINN new architecture MLP,629,Simplified 15D Linear System,15,"(3, 50)",0.001,2048,0.001,0.0019318101773177312,0.002902042413757037,0.001214263872652972,0.0021352645145031103
PINN new architecture MLP,494,Simplified 15D Linear System,15,"(3, 50)",0.001,2048,0.0001,0.0031120926893905996,0.00490120296498395,0.0017158814411082917,0.002064608813663579
PINN new architecture MLP,103,Simplified 15D Linear System,15,"(4, 50)",0.01,512,0.001,0.004473821074276358,0.005922509476824049,0.003028558278555793,0.0034321726999788616
PINN new architecture MLP,117,Simplified 15D Linear System,15,"(4, 50)",0.01,512,0.0001,0.002855016614362391,0.0035220505173880158,0.00283423979549881,0.0032896422722763605
PINN new architecture MLP,3720,Simplified 15D Linear System,15,"(4, 50)",0.01,2048,0.001,0.0025978554319006876,0.002806927156143693,0.0023271197994935923,0.0030594020042637397
PINN new architecture MLP,5003,Simplified 15D Linear System,15,"(4, 50)",0.01,2048,0.0001,0.001245776708544134,0.002296191721202757,0.0010329202197986386,0.0012855510006927894
PINN new architecture MLP,366,Simplified 15D Linear System,15,"(4, 50)",0.001,512,0.001,0.0030709002679077282,0.00452058514158179,0.00236370347699745,0.0037191901706881258
PINN new architecture MLP,456,Simplified 15D Linear System,15,"(4, 50)",0.001,512,0.0001,0.0037177791165455597,0.005431160346634921,0.0025690126267511482,0.0038098581514005147
PINN new architecture MLP,618,Simplified 15D Linear System,15,"(4, 50)",0.001,2048,0.001,0.003108482060204492,0.00432393338682803,0.002011216963147446,0.0029871815886230906
PINN new architecture MLP,456,Simplified 15D Linear System,15,"(4, 50)",0.001,2048,0.0001,0.0033049898031476416,0.005077521127238872,0.0019146281929851322,0.0027361198241005863
PINN MLP,75,Simplified 15D Linear System,15,"(2, 50)",0.01,512,0.001,0.006289263629205216,0.007179218332699246,0.007155530659105311,0.010205482321616811
PINN MLP,107,Simplified 15D Linear System,15,"(2, 50)",0.01,512,0.0001,0.003769265355267756,0.004472575343320733,0.003131782511207719,0.003695272333613024
PINN MLP,207,Simplified 15D Linear System,15,"(2, 50)",0.01,2048,0.001,0.0026780629451458224,0.0037326731030513515,0.0020016837744930775,0.0026854865884159756
PINN MLP,196,Simplified 15D Linear System,15,"(2, 50)",0.01,2048,0.0001,0.0031212107787682987,0.004086055641114545,0.0022422072753103947,0.0028302654852293305
PINN MLP,119,Simplified 15D Linear System,15,"(2, 50)",0.001,512,0.001,0.0028795089067048434,0.004085565078740801,0.002395986360327779,0.0036991130054260983
PINN MLP,111,Simplified 15D Linear System,15,"(2, 50)",0.001,512,0.0001,0.002484544710898703,0.004105237504338407,0.0016360499524863121,0.0022554942618693056
PINN MLP,223,Simplified 15D Linear System,15,"(2, 50)",0.001,2048,0.001,0.0031314174095122826,0.004324377050587512,0.00257264110224736,0.003929247552220635
PINN MLP,190,Simplified 15D Linear System,15,"(2, 50)",0.001,2048,0.0001,0.0019642060682786644,0.0036499009153292314,0.0010181881847450107,0.0012328769514777349
PINN MLP,67,Simplified 15D Linear System,15,"(3, 50)",0.01,512,0.001,0.006128224591952057,0.006837717098432611,0.006225071671634329,0.0083698601310479
PINN MLP,88,Simplified 15D Linear System,15,"(3, 50)",0.01,512,0.0001,0.002760803596202744,0.003382593715210383,0.0022683324249532623,0.0028243450238849776
PINN MLP,164,Simplified 15D Linear System,15,"(3, 50)",0.01,2048,0.001,0.0020420683577746946,0.0031217459891399227,0.0013692038436321557,0.0020578179791833568
PINN MLP,292,Simplified 15D Linear System,15,"(3, 50)",0.01,2048,0.0001,0.0015202931567832917,0.0028080442975372075,0.0007920513840562031,0.0016357077008285967
PINN MLP,86,Simplified 15D Linear System,15,"(3, 50)",0.001,512,0.001,0.00372052936752808,0.004845409442186854,0.0026359587672700005,0.004313540787590009
PINN MLP,92,Simplified 15D Linear System,15,"(3, 50)",0.001,512,0.0001,0.0015851500771531415,0.0024597307172403776,0.000995575433414558,0.0014198586794961447
PINN MLP,132,Simplified 15D Linear System,15,"(3, 50)",0.001,2048,0.001,0.002399194089112938,0.0043952713283659335,0.001054944922514898,0.002321481907023865
PINN MLP,137,Simplified 15D Linear System,15,"(3, 50)",0.001,2048,0.0001,0.002510662985774041,0.004001692275610974,0.001697523204759903,0.0023208169726051057
PINN MLP,59,Simplified 15D Linear System,15,"(4, 50)",0.01,512,0.001,0.002853952789161913,0.0037352117243861943,0.002002010085879168,0.00268823173076573
PINN MLP,77,Simplified 15D Linear System,15,"(4, 50)",0.01,512,0.0001,0.00444815875844301,0.005221403664089552,0.004638177627550742,0.005908885727022035
PINN MLP,223,Simplified 15D Linear System,15,"(4, 50)",0.01,2048,0.001,0.0019237452503031239,0.003389346223913434,0.0009643960146249417,0.001747023276159428
PINN MLP,256,Simplified 15D Linear System,15,"(4, 50)",0.01,2048,0.0001,0.0030445124126057036,0.004612525832906439,0.0025663198431727556,0.0032435269437217093
PINN MLP,79,Simplified 15D Linear System,15,"(4, 50)",0.001,512,0.001,0.003235115175195744,0.004138402034154013,0.0025208229535978403,0.003105211171537939
PINN MLP,85,Simplified 15D Linear System,15,"(4, 50)",0.001,512,0.0001,0.00322712285684039,0.004022011535739582,0.0025245865365836257,0.0037774799278497565
PINN MLP,110,Simplified 15D Linear System,15,"(4, 50)",0.001,2048,0.001,0.003097590144964412,0.004364655723952474,0.002116360077241299,0.002695533486935169
PINN MLP,138,Simplified 15D Linear System,15,"(4, 50)",0.001,2048,0.0001,0.0021690675632066734,0.0029468481881019864,0.0015532911939460646,0.00241245452148337
